Flight ID,From City,To City,Economy Class Price (Rs),Business Class Price (Rs),TOD,Duration (minutes),Kid_Review,General_Review,Economy_Review,Business_Review,Breaks
20202,W,U,8297,25971,20:10,92,2,4,8,7,2
20450,S,E,9909,31396,07:52,157,2,9,2,9,1
20578,B,O,7366,24485,21:25,140,4,6,3,10,1
20784,C,U,7472,24184,17:18,179,2,9,6,8,2
22048,B,E,8100,25882,20:43,100,8,9,5,8,1
22080,A,O,9087,29547,16:43,126,5,5,2,9,2
22280,C,E,7937,26246,01:15,99,10,5,2,5,1
22607,G,I,9053,28984,18:47,141,8,9,7,5,1
24602,Q,E,7795,24976,03:43,153,1,7,6,5,1
24768,H,I,7968,26858,16:39,133,4,4,9,4,2
25004,Y,E,6396,20760,04:43,124,1,6,6,10,1
25027,K,E,8692,28640,09:50,115,2,4,8,9,2
25064,C,I,6059,19932,17:39,95,10,6,6,5,2
25672,Q,E,9233,29873,11:43,163,5,6,7,9,2
26285,M,I,9636,30577,07:58,108,4,4,4,5,1
26545,T,I,5678,19670,08:30,122,1,7,3,3,1
26706,T,U,9886,31660,00:52,158,1,9,3,10,2
26770,D,U,8778,27516,23:40,108,5,7,2,3,1
27254,Y,I,8195,27547,04:31,90,4,5,8,10,2
27588,E,B,6295,20280,21:14,164,7,8,10,9,2
27828,A,U,8692,27493,10:17,105,10,10,9,9,1
27886,X,U,6219,20182,11:44,115,6,4,5,4,2
28025,H,U,7207,23474,18:37,150,8,5,8,3,1
28254,H,U,8820,29425,22:26,167,1,9,3,8,1
28545,W,B,8986,29348,10:14,151,2,8,8,10,2
28562,R,E,6131,20657,12:55,163,1,10,8,7,1
28565,V,U,5543,18101,04:41,167,4,6,2,5,1
28872,W,U,8226,26668,00:49,175,5,10,3,8,2
40027,W,B,9418,30690,01:50,147,9,9,6,8,1
40074,S,E,6931,23436,04:52,167,5,5,4,8,2
40776,C,O,5732,20070,00:31,123,8,8,2,3,2
40777,J,B,5646,19413,16:29,171,9,10,6,8,2
44208,H,U,6697,23012,16:32,153,1,5,4,3,2
44222,V,B,7504,24556,23:45,136,8,4,6,6,2
44266,B,O,8038,25646,20:46,125,4,4,10,7,1
44508,D,E,5502,18656,03:57,137,1,9,9,3,2
44887,G,O,6653,22032,11:14,149,5,7,2,6,1
45402,U,O,8174,26357,04:29,175,1,6,4,10,2
46566,Y,B,6475,21257,19:30,122,9,5,4,9,2
46775,O,I,9608,30669,16:47,133,2,10,7,5,1
47468,W,B,7400,24330,08:16,171,10,4,6,10,2
47600,C,B,8360,26410,10:42,94,3,10,3,4,2
48554,V,I,8797,28006,12:31,133,2,4,10,10,2
48585,J,O,9241,29751,08:13,112,9,9,7,8,1
48704,T,U,6438,20557,19:34,102,5,10,6,5,2
52405,R,U,8173,27013,15:17,102,3,4,3,10,1
52577,W,U,7812,24990,14:49,156,7,8,4,7,1
52665,H,O,7826,24786,20:11,144,4,9,4,7,2
52742,K,O,7129,23241,13:51,101,10,7,10,3,2
52808,O,B,7311,23176,18:14,99,8,6,6,8,1
54256,U,B,7395,24265,16:42,135,7,4,7,5,2
54808,D,B,6013,20075,21:49,163,3,4,8,8,1
55404,T,E,9184,30193,01:30,95,5,7,4,8,1
55484,A,E,6808,21677,02:42,113,9,7,10,7,1
55486,R,I,7485,24383,11:51,180,2,5,9,5,1
55872,X,E,7123,23731,08:34,168,7,8,7,5,2
56074,F,E,6888,23540,18:43,100,5,10,10,3,2
56425,I,B,8417,26268,18:56,130,7,10,3,5,2
56862,D,O,8148,27423,14:42,160,1,4,2,6,1
57055,L,B,7221,23772,00:49,141,10,5,4,6,1
57405,U,E,8450,27373,12:20,116,9,10,2,3,1
57458,W,B,5330,18570,04:32,177,9,8,4,3,1
57740,M,E,5353,18037,13:17,97,7,8,2,9,2
57825,Y,I,5804,19054,08:16,153,8,5,4,6,1
57885,P,I,7321,23753,17:10,95,7,4,6,4,1
58606,J,B,9927,32627,14:32,139,7,5,5,6,1
58660,Z,B,6612,20849,19:42,111,9,9,2,5,1
58864,V,O,6592,22333,06:11,155,5,10,8,6,1
60084,K,E,6271,21247,14:24,156,2,6,10,8,1
60404,D,I,8833,28146,06:49,165,8,8,3,9,2
60442,V,U,9999,31111,14:34,129,7,10,7,10,2
60456,I,B,9720,31596,16:36,154,2,9,4,5,2
60706,W,O,7351,24215,09:19,103,7,7,7,6,1
60788,D,U,5870,20479,12:13,137,7,10,9,4,2
62270,G,B,-1,1287,02:23,92,7,10,,5,2
62280,L,I,-1,1223,21:24,174,10,8,,3,2
62742,F,B,-1,1666,18:41,162,7,5,,8,1
62885,H,U,-1,1833,08:56,100,2,10,,4,2
64470,H,B,-1,2430,14:44,120,1,9,,5,2
65655,J,I,-1,1794,23:42,116,10,9,,6,1
65658,B,U,-1,1490,07:42,146,5,8,,5,1
65840,V,U,-1,1903,15:43,115,7,6,,10,2
66775,N,I,-1,2037,22:46,138,7,9,,9,1
67280,O,E,-1,2195,07:58,143,7,9,,4,2
67470,I,B,-1,1752,21:57,115,1,5,,9,2
67565,Y,I,-1,1728,21:18,163,1,7,,7,2
68758,D,B,-1,1519,02:33,170,6,5,,5,1
70744,G,O,-1,1757,08:56,131,6,4,,7,2
70776,D,I,-1,2039,02:12,158,5,5,,5,1
70878,F,U,-1,2040,10:59,157,8,4,,4,2
70888,U,B,-1,2962,10:42,144,7,4,,8,1
72476,W,O,-1,1751,09:35,128,10,10,,7,2
72887,J,O,-1,1749,22:16,97,5,8,,4,1
74268,V,B,-1,2938,01:51,144,6,5,,5,2
74420,X,B,-1,2648,06:27,94,9,9,,10,1
74626,C,U,-1,1606,12:41,177,4,8,,3,1
75224,Z,I,-1,2038,21:15,133,4,9,,7,1
75774,N,O,-1,1659,06:48,165,7,4,,10,2
75856,I,E,-1,2388,15:13,138,4,7,,6,2
76585,G,B,-1,1824,19:40,102,6,5,,8,1
76622,H,I,-1,1641,03:12,156,2,8,,8,1
76726,V,E,-1,2613,00:26,156,9,5,,10,1
77067,X,U,-1,2782,04:23,100,7,4,,4,1
77487,Q,E,-1,2699,12:13,144,7,6,,3,2
77570,S,I,-1,2347,06:50,159,9,6,,4,1
78657,F,I,-1,2024,11:36,155,10,5,,9,2
78687,M,E,-1,2865,13:49,108,3,4,,6,2
78702,N,O,-1,1674,18:50,111,7,8,,7,1
78845,H,E,-1,1629,14:14,141,2,9,,7,1
80524,U,I,-1,1001,14:59,135,4,8,,4,1
80584,N,B,-1,2320,21:45,144,1,7,,3,2
80724,U,O,8762,28080,08:18,138,6,8,5,3,2
82768,N,E,9521,30639,02:20,173,4,7,2,8,2
82777,S,I,6982,21968,23:18,170,7,6,2,7,1
82868,W,E,6040,19517,19:31,167,2,10,8,7,1
84482,F,O,6196,19591,00:31,90,10,7,3,4,1
84487,Y,O,9486,30056,17:11,93,1,4,10,5,2
84508,S,I,6092,21172,00:25,97,3,10,6,6,1
84608,M,O,6414,21224,13:22,121,5,6,6,7,1
84744,Q,O,6046,19516,13:59,165,5,5,2,9,2
84820,F,O,7059,22383,14:41,95,5,6,8,7,1
84872,S,B,8525,27717,21:48,124,2,6,10,6,1
85455,B,E,5119,18306,19:36,139,8,5,9,10,2
85557,N,I,5048,17376,09:36,150,2,4,7,3,2
85644,Z,B,8030,26130,07:57,130,2,6,3,7,2
85786,G,B,5861,19893,23:24,145,10,7,2,8,2
86070,V,E,7778,25064,00:55,160,8,4,7,5,2
86285,T,O,8378,27110,16:33,122,4,10,10,9,2
86757,E,U,6146,21234,00:47,94,9,9,2,7,1
86807,A,U,9535,29944,06:14,132,10,8,7,8,1
86827,Q,U,9170,29930,20:42,111,3,6,9,10,2
87026,T,I,7935,26006,14:33,92,10,9,3,5,1
88428,S,U,8344,27302,07:45,172,1,8,8,3,1
88547,G,U,8503,27790,00:26,132,4,4,2,6,2
88775,G,I,7844,25725,06:37,163,8,6,3,9,2
88827,X,E,9984,31843,16:25,180,9,9,2,4,2
2006N,J,O,5809,19164,17:55,118,5,4,5,8,2
2007Z,U,I,6002,20842,07:26,98,4,6,8,9,1
207Z7,Z,I,9242,30447,03:19,114,1,10,8,7,2
20BB0,L,B,5767,19266,04:58,93,1,4,4,8,1
20NNZ,H,O,8542,27769,13:36,111,3,6,4,8,1
2208N,L,U,6660,22063,05:54,142,6,5,8,10,2
224BN,A,B,8798,27848,00:49,170,2,4,3,9,2
2264Z,Q,E,8354,27442,03:13,155,2,5,7,7,1
2278Z,R,B,8908,28390,14:31,125,5,8,9,4,1
22B72,C,B,9916,31226,12:57,172,5,5,4,3,1
22N84,X,I,9352,29183,04:36,159,8,4,2,6,1
24B0B,D,E,5220,17613,00:33,136,5,5,5,3,2
24N50,E,U,9138,29559,10:11,106,7,8,3,3,1
250N8,F,B,6204,21374,02:16,120,5,4,5,5,1
257NB,O,U,5482,19083,12:53,135,5,6,2,8,2
258N5,T,I,6801,23127,07:18,118,10,5,2,6,2
25B42,N,B,5087,17290,04:31,126,7,7,3,7,2
25N66,X,I,7013,22810,02:32,101,10,4,7,10,1
25ZB5,P,I,7920,26347,12:42,150,8,5,4,3,1
25ZBB,A,U,9887,31865,17:16,156,1,4,10,9,2
260B8,V,B,6626,20958,03:30,101,4,4,9,3,1
262BN,F,B,6904,23016,18:35,130,7,6,2,5,2
262N5,H,E,6188,20776,02:27,104,7,8,2,7,1
264B5,T,I,6255,20950,01:55,116,10,4,2,3,2
2656B,U,O,6837,22369,06:11,124,3,5,10,4,1
266ZZ,T,E,9662,31149,09:36,150,9,9,9,6,2
268N2,N,I,7519,23682,21:28,123,1,5,9,5,1
26N04,W,B,9786,31260,13:20,179,4,10,5,10,2
26N5B,C,B,6155,19657,00:26,133,5,7,5,5,2
26N5Z,D,B,7779,25655,21:12,145,8,10,6,9,1
26N72,G,B,7801,24829,16:46,130,8,6,3,7,2
26N8B,B,O,5129,17692,03:50,123,6,4,6,5,2
2706B,Y,O,6338,20312,05:27,168,5,9,10,7,1
275Z2,R,O,9101,28999,04:31,167,2,5,2,8,2
2774B,Q,O,8746,27264,22:22,179,5,4,10,10,2
27BZ0,U,I,6672,22961,07:23,135,3,7,10,8,2
27N60,P,I,9661,31961,16:23,145,2,5,2,9,2
2800B,T,E,8894,29242,09:23,93,4,7,2,6,1
282ZB,N,O,6590,21546,20:30,123,10,8,6,6,2
2858B,X,E,6340,20568,07:44,129,9,10,4,3,2
286NZ,I,U,5773,19731,20:34,135,4,6,3,9,1
2887Z,Q,B,7885,26282,15:40,167,2,6,6,9,1
28N5Z,U,B,5359,18022,22:25,143,8,10,3,6,2
28NZN,L,U,5572,19484,12:42,145,4,10,10,5,2
28Z75,K,U,8712,28628,09:39,134,1,8,3,8,1
28ZZ7,A,I,7846,25703,10:33,162,7,8,2,3,1
2B256,B,E,9559,30601,13:32,96,2,7,8,5,2
2B28N,P,E,5574,19461,13:25,96,10,6,10,7,1
2B450,Q,E,7225,22980,16:42,111,8,10,9,4,2
2B4B5,H,I,5073,16326,11:31,162,8,4,10,10,2
2B5Z0,F,O,5542,19251,20:36,125,3,7,6,9,2
2B65B,T,I,9482,30595,07:47,91,5,5,10,6,2
2B78B,B,I,7004,23454,02:31,153,10,7,2,4,2
2B7ZZ,U,I,7535,25541,01:57,150,2,7,8,10,2
2B802,K,O,5150,17454,04:56,173,6,10,4,6,1
2B872,C,B,6758,-1,02:50,99,1,5,5,,2
2BN54,L,U,5630,-1,12:39,103,3,6,5,,2
2NB68,R,O,6088,-1,16:48,109,1,6,5,,1
2NBBB,J,E,5566,-1,06:37,177,10,10,10,,2
2NN67,U,B,5212,-1,11:17,168,6,8,10,,1
2NNNZ,O,U,6041,-1,14:35,159,5,9,8,,1
2NZ52,B,O,5679,-1,09:49,106,8,6,10,,1
2Z27N,W,U,5103,-1,10:31,163,3,10,8,,2
2Z2B7,Q,I,7092,-1,11:51,131,9,9,3,,1
2Z484,F,O,5499,-1,19:25,146,2,6,8,,1
2Z5N8,J,I,5260,-1,00:44,142,10,4,3,,2
2Z6B0,A,B,7676,-1,16:50,123,2,8,9,,2
2Z756,J,I,9258,-1,17:55,92,3,4,5,,2
2Z854,D,B,7492,-1,17:18,148,3,10,4,,1
400B5,K,B,9240,-1,18:21,149,4,10,5,,1
4028N,P,I,6652,-1,13:27,103,1,5,9,,2
404B8,Y,E,9852,-1,13:42,161,7,4,2,,1
4070Z,I,B,7655,-1,04:52,137,1,9,8,,1
40B0N,O,E,7178,-1,04:50,174,6,4,9,,2
40B55,H,B,8676,-1,11:19,108,8,6,7,,1
40B87,Z,U,8089,-1,06:28,112,2,8,7,,2
40NZ2,I,B,5654,19252,14:29,165,5,8,9,9,1
40Z56,B,I,8307,27052,08:53,176,4,7,7,4,1
40ZBB,R,U,7771,25852,03:15,120,10,5,9,3,2
4227N,T,U,7587,25133,18:44,179,5,5,10,4,1
427ZB,H,O,6093,20509,10:48,163,3,9,2,5,1
42Z48,C,I,8147,27282,13:24,119,10,5,9,9,2
4446Z,V,E,9450,30886,18:41,144,2,4,8,8,2
4452Z,R,B,5369,17796,10:51,180,7,10,4,6,1
44NB2,O,U,5576,19420,16:19,164,5,4,7,8,1
44Z52,D,B,9036,29083,22:42,112,9,4,5,5,1
455N0,J,I,7709,25823,07:56,96,7,7,3,7,1
45B88,Q,B,9547,30602,14:23,166,8,5,6,7,1
45N27,K,O,6615,21305,16:30,91,4,10,5,3,2
45N44,C,B,6285,20383,13:48,113,7,10,2,7,2
45Z2Z,X,B,5376,18071,11:14,102,9,9,4,9,1
467ZB,V,B,5182,18517,03:36,141,4,5,7,6,1
4680B,Z,U,9303,30145,19:29,90,9,10,7,9,2
475Z8,H,E,8803,28609,00:20,156,2,7,8,3,2
47B5Z,B,I,7841,25746,22:26,115,2,5,4,4,1
47Z6N,B,I,9556,30801,20:37,113,4,9,4,9,1
4807B,P,I,7050,22873,08:22,152,1,4,2,9,2
480BZ,A,E,9298,29226,10:58,112,7,9,3,9,2
484NB,A,I,5365,18104,04:10,90,4,6,4,3,1
487Z6,B,O,7800,24436,18:29,102,7,6,3,3,1
48NN0,C,E,8505,27967,18:14,127,3,9,9,8,1
48Z72,P,U,5657,19230,22:30,146,7,10,5,8,1
4B0B8,Y,E,8279,27434,09:46,97,7,8,9,5,2
4B468,F,U,5327,18325,02:51,161,2,6,3,3,2
4B756,U,B,9985,31284,06:38,98,9,4,2,8,2
4B802,A,U,7033,22279,10:17,121,1,10,2,9,1
4BB8B,O,I,8600,28288,07:46,177,6,7,10,6,2
4BZZB,C,I,8354,26252,21:32,143,2,5,4,8,2
4N477,S,I,7465,24632,09:52,153,8,9,2,3,1
4N4Z0,R,E,5385,18686,17:29,113,2,7,8,4,1
4N65B,V,E,7545,24809,02:58,133,1,7,6,8,1
4N662,M,B,6771,23250,04:50,131,1,4,7,8,2
4N844,X,E,7803,24555,03:24,163,10,6,4,3,1
4NB40,K,I,9643,31847,05:20,131,8,4,7,4,2
4NZN7,Z,I,9711,30502,13:48,108,7,5,5,7,2
4NZZB,I,O,9765,31486,07:31,140,9,5,4,9,2
4Z005,V,O,5522,18714,17:28,127,2,6,4,3,1
4Z0ZB,Z,I,9107,28537,21:45,146,8,9,9,4,1
4Z270,M,I,5888,19072,14:59,170,5,4,10,7,1
4Z2N6,X,I,9786,31756,21:40,99,4,10,8,3,2
4Z454,A,U,8564,28248,10:19,109,10,4,5,6,2
4Z484,F,E,8919,28916,16:42,128,5,5,6,4,2
4Z547,Q,E,9431,31174,21:26,142,7,10,4,9,2
4Z566,H,U,6389,22127,10:17,142,9,6,8,6,2
4Z68N,K,U,7755,26106,10:52,171,4,5,7,4,2
4Z8Z7,L,E,8018,26886,06:38,176,3,6,3,7,1
4Z8ZB,S,B,5107,18170,16:55,94,5,7,4,7,1
4ZBN8,W,I,6408,21082,04:22,130,5,10,7,7,2
4ZN60,V,I,8075,26714,17:10,153,5,10,7,9,1
4ZN74,J,U,7660,24915,16:59,114,7,4,9,10,2
4ZNBB,X,E,5951,18861,01:32,146,6,7,3,4,1
4ZZ08,T,O,8969,28954,16:30,146,10,10,8,6,2
4ZZ2B,B,I,7624,25001,23:44,114,1,9,7,8,1
500BZ,S,U,6166,20826,22:15,161,10,6,2,7,2
5025N,T,U,9626,30895,05:47,144,9,9,3,7,2
50B58,Q,E,9550,30156,21:32,163,2,4,2,8,1
50BB5,K,O,5183,16797,11:49,106,1,8,4,4,2
50N0B,B,I,5576,19162,01:47,177,5,5,2,7,1
50NB6,H,O,5970,19790,08:53,96,4,10,7,6,2
50Z02,P,I,6516,21331,18:36,115,1,9,5,7,1
50Z40,W,B,6947,22476,13:58,143,4,9,8,4,1
50Z4Z,F,O,9679,30443,16:47,91,7,5,8,10,1
50ZN2,U,I,9271,29574,10:34,117,7,5,7,8,2
5204N,S,I,7503,24591,01:40,179,2,6,7,10,2
5207Z,Z,O,7436,23672,07:43,160,7,9,4,8,2
520BZ,T,I,6830,23116,06:31,150,1,5,10,6,2
524N6,Z,O,5364,18963,08:43,154,5,6,3,4,1
5256B,Z,B,6301,20430,20:53,135,10,6,2,5,1
52B72,P,U,6342,21546,02:51,160,5,8,6,3,1
52N47,Z,O,6758,22300,04:57,139,3,8,5,5,1
52N62,F,E,9686,30259,20:36,174,5,6,9,4,1
52NN4,Q,E,5667,18102,17:49,123,9,8,9,9,2
52Z0Z,Y,O,5892,19864,13:25,163,7,7,6,7,1
542N4,L,U,5913,19799,22:47,133,5,5,9,4,2
545B5,N,O,9404,30992,10:19,167,10,7,6,3,2
5482Z,Y,U,7697,26007,12:28,103,10,10,4,6,1
54B5Z,K,B,8196,26841,00:24,137,4,9,3,3,2
54BB0,R,U,5005,17696,03:11,154,8,10,6,4,1
54Z4B,S,E,5278,18686,21:55,176,7,4,7,4,1
5504N,H,B,7349,24042,13:17,118,5,9,10,8,1
555Z6,B,E,8911,28199,23:58,116,4,4,9,4,1
556B0,J,O,8672,27636,07:49,177,5,10,7,9,2
558NN,C,O,8376,27058,05:47,92,10,4,2,6,2
558Z8,L,O,7504,25059,22:41,154,10,7,7,8,1
55B45,Z,E,9956,32792,21:15,110,9,6,9,10,2
55NZ7,N,I,6866,22060,14:53,111,3,8,5,4,1
55Z7B,Y,I,6693,22109,05:53,127,1,8,3,8,2
564N4,A,U,5532,19403,03:22,177,2,4,9,6,1
564N6,Z,I,7612,24453,23:47,139,10,8,4,6,1
564ZB,K,E,9761,31814,23:56,103,9,10,7,6,2
5658B,T,I,6978,22470,06:10,137,6,4,10,5,1
567Z4,Y,O,7141,23415,20:40,140,8,10,10,9,2
568NB,R,U,5431,18330,21:50,120,7,5,2,7,1
56B46,M,U,6771,22766,21:42,100,1,7,6,10,2
56N02,B,O,5667,18159,15:37,156,1,6,3,5,1
56N76,D,B,8829,28115,05:42,106,3,4,5,4,2
56ZZZ,B,I,5005,17948,12:51,145,9,6,2,3,1
5708B,P,O,9547,30042,02:59,124,4,5,5,9,2
5725Z,P,O,5767,19510,14:34,116,2,6,5,9,1
5728B,W,E,5228,17254,00:15,120,4,9,10,9,1
574N7,J,I,7921,25067,15:13,121,2,4,6,6,2
5774N,J,O,5122,17861,04:29,125,8,7,9,4,2
578N5,Y,I,9022,29112,10:36,173,8,4,8,9,1
57Z4Z,Z,I,9868,32035,16:17,164,1,6,7,3,2
5807Z,J,I,8210,27067,06:57,160,6,6,9,6,2
5827B,Z,I,9561,30283,19:58,154,10,9,2,8,1
5858Z,B,U,7428,24211,06:20,137,9,5,8,9,2
5886N,H,B,5758,20047,23:30,131,1,9,6,9,2
58BN5,J,O,6904,22089,06:48,108,7,9,7,4,1
58Z04,P,I,9406,30085,16:12,149,1,7,7,5,2
5B204,V,I,6189,20337,13:54,173,2,5,5,3,2
5B567,W,I,5506,17970,15:56,161,10,8,10,6,2
5B656,O,E,9631,30519,17:51,148,6,5,2,8,1
5B6NB,J,B,6626,21622,17:46,120,5,6,10,6,2
5B704,A,I,9211,29974,01:34,109,1,6,10,5,1
5BB72,F,I,9982,32728,12:27,174,9,8,7,7,1
5BNB5,S,U,8794,27406,09:10,125,1,6,10,7,2
5BZ5N,Q,U,9600,31708,14:34,91,8,6,5,6,2
5N2N8,Z,U,6339,21259,09:30,122,5,6,7,9,1
5N400,M,E,5595,19600,08:15,158,4,9,10,7,1
5N548,L,I,7385,24973,21:24,127,7,9,7,7,2
5N5BB,C,O,8074,26815,10:43,151,2,5,2,7,1
5N6Z6,J,E,6294,21641,19:39,152,5,8,9,9,2
5N722,U,B,9848,32522,16:55,135,2,4,7,9,1
5NN52,P,U,6769,22014,10:29,143,2,7,7,8,1
5NZN2,V,I,9509,29653,22:14,161,1,9,4,8,2
5NZZB,E,O,6990,23041,03:44,142,3,7,3,8,2
5Z27Z,D,B,6305,21440,03:54,141,1,7,9,6,2
5Z4B0,N,U,8314,27271,04:20,109,3,9,5,9,2
5Z4Z0,N,E,8070,26348,05:34,112,4,7,6,5,1
5Z50B,N,I,7721,24825,09:29,176,4,7,4,8,1
5Z556,G,U,5147,17289,03:16,152,3,7,10,9,2
5Z5ZB,U,E,7792,24424,16:35,153,4,9,10,8,2
5Z640,S,E,9162,29335,13:41,136,5,7,2,3,1
5Z6N8,I,E,8005,25837,04:28,91,5,4,2,7,1
5Z74B,H,B,6022,20596,13:45,141,8,5,3,4,2
5Z7N0,M,B,9797,30616,19:39,180,4,9,10,4,1
5ZZNB,J,U,5973,19098,11:30,110,9,8,4,9,1
6058Z,B,U,8923,28874,16:49,159,1,7,2,3,2
606ZZ,V,U,6396,20420,01:39,96,3,8,7,7,2
6077Z,R,O,5829,18648,04:57,112,7,5,4,10,2
60B2N,G,U,5740,19137,01:32,128,2,5,10,5,1
60N02,I,E,8435,27577,17:51,118,7,7,9,6,1
60N2B,H,O,7813,26428,06:13,165,7,8,10,3,1
60N75,W,U,9511,31382,00:45,92,8,8,9,7,1
60Z22,N,O,7921,25936,07:42,168,6,10,4,4,1
6258Z,Z,I,9816,31299,15:42,131,9,10,8,6,1
625B6,K,E,9162,28772,10:26,171,8,5,4,8,2
625NB,C,U,8539,27929,01:44,172,8,4,10,9,2
626B0,Y,O,6012,20540,14:19,95,6,8,6,7,2
6274N,B,E,6476,21185,18:46,126,1,10,6,3,2
640N4,G,I,9235,29130,18:34,164,10,9,10,8,1
646ZZ,J,O,9856,32432,13:44,92,10,5,9,7,1
64B48,U,E,8816,29086,07:32,147,3,8,7,5,1
652B7,F,B,8424,26864,18:16,140,9,10,10,10,2
652BN,K,O,5566,18808,17:41,92,5,7,2,6,1
656N8,L,E,9702,32010,02:22,117,10,6,8,9,1
65B2N,J,O,9374,29688,22:41,100,7,10,9,3,2
65N27,I,B,9185,28788,10:43,161,4,4,2,7,1
65Z88,Y,B,9257,29694,06:21,114,8,7,4,6,2
66BZ5,M,O,7068,23247,23:31,163,6,7,8,8,2
66Z58,Z,O,9870,32528,06:15,134,7,9,10,8,2
66ZZ0,K,I,9561,29789,13:52,126,1,4,3,8,2
670N6,W,O,9102,29739,12:55,93,10,7,5,8,2
674BZ,H,O,8737,27461,17:24,167,3,8,3,5,2
677NZ,G,U,7336,24995,13:55,144,1,7,7,9,2
67ZNZ,L,I,8040,26244,14:21,97,6,7,4,8,1
6800N,O,E,9489,30498,01:57,124,7,6,9,10,1
682B8,V,I,9354,30587,23:22,128,10,4,9,9,1
6854B,T,B,5352,18639,16:57,95,3,8,9,4,1
68B24,F,U,6883,22363,23:18,148,3,9,8,9,1
68N5B,G,I,5656,19245,19:20,129,7,4,8,7,2
68Z50,O,E,6608,20940,23:29,146,3,4,7,5,2
6B0Z8,U,E,6284,20782,08:15,142,5,4,3,6,1
6B2ZN,A,U,6707,22700,04:23,99,5,7,8,7,1
6B600,R,O,7460,23921,00:48,167,9,4,8,6,2
6B640,U,E,5165,18251,14:52,160,10,5,2,7,2
6B828,X,E,5863,19850,10:35,115,4,9,7,5,2
6B867,Q,E,9166,29356,16:49,106,5,9,4,8,2
6BB55,E,I,8737,27226,03:20,173,3,6,5,3,1
6BN40,M,E,8139,25919,19:16,170,7,4,5,6,1
6BN47,T,B,5995,20453,16:54,111,8,4,10,10,2
6BN5B,H,U,7322,24202,02:31,138,2,8,7,9,1
6N045,Z,E,7922,25572,11:43,152,9,7,3,9,1
6N0NZ,K,B,6501,22367,04:46,121,8,5,5,4,2
6N40B,G,B,9725,31357,01:31,144,6,6,8,7,1
6N424,S,U,6931,21988,15:34,106,2,6,8,3,1
6N5B8,B,E,8927,29518,15:28,167,4,9,3,10,2
6N827,I,E,9963,31540,14:48,160,2,9,3,6,1
6N8BZ,M,O,5916,19749,01:17,160,5,8,9,9,1
6NN4N,H,E,9656,31059,22:23,118,3,8,7,9,1
6NZB5,U,B,8462,28135,07:57,171,4,10,3,8,1
6Z0Z2,U,O,6370,21777,21:25,166,7,8,7,4,2
6Z686,P,I,7655,24204,06:40,142,1,5,9,5,1
6Z77N,H,B,6077,19251,02:16,126,3,5,2,3,1
6ZB54,A,E,9619,30181,14:27,164,3,6,3,7,1
7040Z,K,B,6962,23646,05:27,118,7,7,4,4,1
7045Z,L,E,7906,25238,01:25,165,5,6,2,5,1
705BN,S,E,7831,26059,14:20,113,7,4,8,7,1
70N0Z,J,I,9437,29558,06:52,122,6,5,5,3,1
7228N,E,B,8895,27757,12:38,156,5,9,8,6,1
724B7,I,B,6049,20984,03:34,94,6,10,2,5,1
727Z0,I,O,9828,30872,02:14,112,2,6,3,10,1
728B2,L,U,5394,18362,00:37,177,3,8,9,4,1
72BBN,D,I,8513,27888,10:46,90,7,7,2,8,2
72Z5N,M,O,7096,22535,22:57,160,9,5,3,3,1
72Z74,P,O,9328,29387,21:46,138,7,9,3,8,1
740N0,W,B,7783,24392,01:56,172,3,4,10,4,2
7460Z,U,E,7179,23593,00:46,147,10,9,9,4,1
7506B,U,B,7661,25316,05:52,135,5,7,7,4,1
7564Z,K,B,6707,21910,17:58,132,6,8,6,9,2
7567B,G,I,9099,29282,19:30,146,7,4,5,5,2
7577N,D,O,6536,21409,04:29,106,10,5,8,4,1
7586B,D,O,6581,21437,19:29,161,8,10,9,8,1
75N47,A,U,7127,22832,19:24,168,7,10,4,10,2
75Z25,G,B,6958,23716,00:51,140,7,9,4,3,2
75Z7Z,Q,U,6726,23164,03:14,126,9,8,9,6,2
75Z88,I,E,7728,24532,17:15,167,2,4,3,6,2
7602B,O,B,9540,31331,22:39,102,9,8,5,9,2
762Z2,N,B,9153,29893,22:42,113,8,4,4,4,1
764B5,R,B,8403,27225,03:21,101,5,9,8,4,1
766Z2,V,U,6175,21200,11:39,95,7,10,9,10,2
76B5N,D,I,5204,18591,02:28,151,1,5,9,7,2
76Z25,T,O,7043,22903,06:46,128,5,9,5,3,1
76Z4B,L,I,7205,23098,16:22,127,6,7,9,4,1
76Z7Z,I,U,6604,22558,02:40,92,3,7,10,5,1
7768N,E,U,9711,31102,08:12,115,8,9,10,5,2
77B4N,D,E,9221,29998,17:10,106,9,8,10,10,1
77BB0,Z,B,6037,20786,09:34,168,2,7,4,8,2
77Z80,K,U,9126,28697,18:58,97,9,10,4,3,2
77Z8N,A,O,6105,19908,22:14,138,10,8,6,5,1
785N6,B,U,8931,28667,23:10,132,6,7,7,7,2
7867Z,N,U,7532,24178,06:37,114,9,6,5,8,2
7868N,R,U,9058,29732,17:41,122,3,6,10,10,2
788Z8,B,E,6601,21923,13:44,168,5,6,10,10,2
78Z8Z,B,E,9266,28809,17:25,149,2,6,7,6,2
7B467,V,U,6225,19753,03:32,118,2,9,10,9,1
7B4BB,Z,E,8466,28016,12:29,157,2,9,6,6,2
7B84N,V,I,8992,28353,05:41,107,5,4,2,6,1
7B8BZ,V,I,8266,26545,16:47,138,5,9,8,7,2
7BB24,I,E,9548,31022,14:24,144,6,10,6,6,2
7BBB5,Y,I,7690,24728,02:18,109,3,4,2,9,1
7N276,U,B,7834,25349,18:52,99,2,8,4,4,1
7N2B4,T,O,9336,30408,19:52,135,4,7,7,10,2
7N2NZ,L,B,9863,30642,16:22,130,8,8,7,5,1
7N544,P,E,8969,29444,00:13,132,6,8,7,9,2
7N56B,Q,E,5687,18405,10:52,169,8,9,5,3,1
7N5BN,D,U,8026,26163,00:56,175,6,7,3,9,2
7N5N0,M,U,7154,24380,15:56,93,3,5,9,4,2
7N677,X,B,6653,22422,11:41,139,2,4,5,3,1
7N680,T,E,5710,19763,09:19,135,1,4,2,8,1
7N682,H,U,7647,24710,11:20,136,10,6,4,8,1
7N707,R,O,6970,23793,01:12,133,2,6,6,3,1
7NB52,G,O,5843,19785,12:49,168,5,10,3,3,1
7NN5Z,T,O,9936,31618,15:14,166,9,6,3,9,2
7NZNN,Z,U,7633,25088,02:54,165,8,9,3,3,2
7Z00N,R,O,6952,22406,04:32,109,10,4,10,6,1
7Z44N,Y,B,7488,24919,17:51,176,7,10,5,9,1
7Z4B6,N,E,5162,18089,16:25,107,9,7,3,9,1
7Z5Z8,S,B,8428,26757,17:57,101,7,8,10,10,1
7Z62B,W,I,6642,21675,10:31,123,7,10,7,4,2
7Z844,Q,E,7338,24563,14:44,109,1,6,9,7,2
7ZN4Z,W,O,9395,29969,21:50,112,7,8,10,10,1
7ZZB6,Y,E,8033,25280,18:12,138,2,4,6,6,1
8022N,B,I,9975,32384,06:55,130,9,10,9,6,2
805Z6,C,E,9458,31185,02:27,163,2,5,2,9,1
807N7,N,O,6808,22297,08:38,109,4,4,2,6,1
808N0,X,B,9524,31225,10:55,127,3,8,2,3,2
808N4,Z,O,7117,24023,03:46,143,6,8,4,5,2
820B7,U,I,7770,25169,12:44,156,10,5,2,5,1
822B7,N,E,5899,20684,20:40,140,7,4,10,6,2
82B87,B,O,5122,17416,13:39,122,9,5,5,3,1
82Z48,L,U,7103,23918,10:23,124,2,4,6,5,2
8404B,B,O,7806,26351,18:58,178,9,7,6,3,2
8424N,L,I,5696,19343,10:42,150,3,5,3,8,1
8452B,M,I,9800,31694,15:36,130,2,10,3,4,2
846N7,A,U,7588,25159,12:27,138,4,4,4,6,1
84B67,L,E,8690,28175,10:36,168,7,9,4,4,1
84N27,L,B,9928,32368,10:16,159,8,5,8,9,2
84Z05,F,B,8335,26205,03:14,96,9,9,6,4,1
84ZZB,M,B,5986,20793,03:55,147,10,8,6,6,1
8522N,H,U,7365,24260,13:41,125,6,7,4,8,1
8542N,X,I,7703,25784,19:55,177,7,10,7,4,1
8574N,R,I,9130,28952,22:40,126,10,5,7,3,1
85Z6B,F,U,5883,18874,14:43,132,4,6,3,7,2
85Z80,M,I,5736,19964,01:30,142,8,8,5,3,2
860B0,K,E,9256,29017,17:37,108,4,4,5,9,2
860BB,D,B,7686,25734,14:28,130,1,6,9,8,2
865BN,W,U,9088,28558,15:54,180,6,6,9,6,2
867B7,V,O,6637,22396,04:56,133,2,9,8,7,1
86B7B,R,U,9579,30890,00:43,137,6,10,9,3,1
86BN6,G,B,6254,20593,10:45,167,1,5,9,8,1
86N06,R,I,9179,29824,01:19,101,3,9,9,3,1
86N62,L,U,8339,27227,06:26,111,2,7,9,6,2
8700N,Z,O,8642,27585,19:40,93,4,5,9,8,2
8720N,U,O,8754,28979,15:48,128,7,7,8,10,1
878ZZ,M,E,8008,26033,07:32,134,1,8,10,3,2
87B07,E,B,5856,20026,19:33,125,10,9,9,7,1
87BB5,Y,O,6747,22947,15:54,100,10,10,2,5,2
87BZ4,S,B,7296,23191,01:35,123,3,9,4,9,1
884B4,C,I,9756,31428,04:19,111,8,6,7,5,2
8854B,V,U,9462,30416,12:42,163,10,9,7,4,1
8855Z,Y,I,6885,23655,08:21,157,8,7,7,3,2
885ZZ,A,O,8557,28483,17:33,93,3,8,2,10,1
887B0,L,B,9124,29104,01:39,113,8,7,7,4,1
888ZN,B,I,6327,20237,19:25,174,5,10,9,4,1
8B0Z2,O,U,9288,28864,11:56,145,10,7,3,9,2
8B255,G,U,9646,30601,07:19,166,3,8,4,5,1
8B550,C,U,9522,29964,23:28,143,1,6,10,5,1
8B560,Z,I,9614,30898,06:20,171,3,8,4,4,2
8B624,Z,U,5106,16936,11:34,160,1,6,10,7,2
8B7Z4,X,O,5695,18999,10:49,119,3,5,9,3,1
8B8Z2,G,U,6026,20934,18:15,140,3,6,3,4,2
8BNN4,L,O,9217,29658,05:35,94,8,10,8,10,2
8N25N,Z,I,5736,19351,03:14,95,3,10,4,3,1
8N40B,V,U,6530,22236,03:21,96,3,5,6,9,1
8N502,N,B,9899,31588,05:52,122,9,6,6,10,2
8N506,Z,B,5973,20865,22:38,96,9,4,8,10,1
8N50Z,K,I,6209,21030,00:29,122,2,8,5,4,2
8N5N0,M,B,8233,27678,21:19,166,3,7,8,7,1
8N5N8,X,B,8346,27631,19:27,154,5,5,6,7,2
8N787,S,E,9999,32281,23:22,109,2,7,7,4,1
8N885,D,O,5627,18304,02:46,148,3,6,3,8,2
8NNZ2,O,E,6602,22772,13:57,167,4,7,4,7,1
8Z56Z,S,O,6700,22646,11:45,128,2,7,6,9,1
8Z656,M,E,5394,17366,07:13,109,7,10,9,3,1
8Z888,S,E,6424,21259,21:22,126,6,5,4,9,1
8ZB80,D,I,8460,26877,06:54,171,10,7,3,4,2
8ZBN0,C,O,8615,27001,18:55,154,6,10,7,7,2
8ZN57,S,U,8001,26020,04:42,139,1,10,5,9,1
8ZZ24,H,O,5170,17896,13:27,169,4,4,2,7,1
B0478,X,B,8677,28521,11:10,129,9,5,6,5,2
B0566,G,U,9790,30639,14:53,136,9,5,5,3,2
B056Z,Y,O,5916,19842,03:46,127,8,8,8,7,1
B06NN,J,B,5688,18463,07:30,101,1,6,5,5,2
B086B,L,U,7599,24977,10:22,111,10,9,3,4,1
B08BZ,D,I,5759,19445,13:36,119,9,4,2,7,2
B0B4N,T,E,8686,27666,06:20,137,4,4,8,9,1
B0N75,L,I,9543,30705,22:24,162,6,8,2,3,2
B0Z24,S,O,9257,28868,16:59,111,4,10,10,9,1
B0Z50,T,O,6785,22085,05:44,135,6,8,7,10,1
B20B6,D,B,9530,31470,14:33,93,6,5,7,10,2
B227Z,F,U,6521,21801,15:23,97,1,8,10,8,1
B22B6,Z,E,7464,24853,12:56,120,10,8,5,8,2
B2420,A,B,7472,23426,04:14,151,3,8,2,10,2
B24B2,U,O,6859,22133,19:42,107,7,10,4,4,1
B258B,D,E,6558,22476,00:37,162,9,7,2,3,1
B2602,Y,U,9529,30708,16:48,132,8,7,10,10,1
B278B,J,I,9751,31121,21:45,133,7,7,9,8,2
B2862,W,B,7337,24282,04:45,144,10,10,9,5,1
B2BBB,Y,I,9963,32880,17:22,153,1,6,3,9,1
B2N40,Z,B,5863,19567,00:48,136,9,5,5,5,1
B2N7B,B,O,7801,24768,05:55,96,5,8,9,6,2
B2ZB5,S,O,5362,17447,08:49,97,5,7,4,5,1
B4454,R,B,9144,29716,09:10,161,2,4,8,9,1
B47N6,G,U,6836,23296,02:32,150,4,9,9,7,1
B4840,R,I,7205,23250,22:21,128,3,4,10,8,2
B4B77,J,I,7337,23785,18:32,163,8,8,4,6,2
B4Z0N,K,O,7721,25755,03:10,133,9,7,5,6,2
B4Z55,G,U,6139,20127,23:17,114,10,9,7,7,1
B5044,X,B,5901,20358,18:13,96,10,7,7,7,2
B5072,V,I,5520,18570,09:45,174,6,9,4,4,2
B52NZ,K,U,9172,30034,19:11,146,4,4,9,4,1
B5447,Z,I,7728,25764,18:53,155,6,9,5,5,2
B545B,S,I,8928,28728,02:25,172,6,6,7,8,1
B5588,A,I,8864,28674,03:36,169,4,7,8,8,1
B5670,V,O,9143,30248,02:21,148,6,4,7,5,2
B5768,E,U,7953,26770,15:46,171,7,4,3,8,1
B5800,N,B,6495,21094,22:26,113,2,10,3,6,2
B5847,F,E,9087,30094,16:16,129,2,4,4,6,1
B5B2Z,V,B,8045,26363,21:39,152,3,5,3,8,2
B5BB0,Q,E,8054,27086,09:11,90,4,9,7,4,2
B5N46,D,U,8236,26003,00:58,162,5,5,9,6,1
B5Z00,U,I,7840,26217,11:24,163,5,8,4,10,1
B5Z58,P,U,5022,16692,20:22,143,3,10,2,4,1
B6088,D,B,6305,21445,12:32,112,1,5,5,8,1
B6467,J,I,7523,24271,12:39,136,3,4,2,4,1
B646N,F,E,5402,18212,13:33,106,2,6,4,7,2
B64NB,O,E,8944,29077,00:18,157,1,5,9,7,1
B6648,M,E,9461,30504,03:26,144,9,8,3,7,1
B66N0,G,O,8715,27207,20:21,149,3,8,5,6,2
B68ZN,Q,E,7828,24753,09:27,106,6,4,10,6,1
B6B0Z,P,I,8781,28379,01:22,159,7,5,9,9,2
B6N08,A,O,8809,28690,10:53,103,4,6,6,6,2
B6N47,P,O,9164,30154,19:16,103,6,10,2,6,1
B742B,D,U,7531,25105,07:53,179,5,9,5,6,2
B7484,O,I,5037,16777,12:48,127,10,7,6,10,2
B7522,C,U,9254,29705,00:21,100,5,6,10,9,2
B7558,E,B,9147,30361,11:19,121,5,4,10,7,2
B7572,Z,B,9843,31266,13:34,98,1,6,3,3,1
B7626,N,E,9476,30086,04:51,124,9,8,3,5,2
B76N2,R,E,6551,22562,00:30,95,2,6,5,8,1
B76N8,U,B,7612,25632,23:27,120,9,4,9,8,1
B808N,C,U,5864,19414,10:41,139,7,10,7,10,1
B8282,Y,O,7688,24215,19:39,115,8,6,2,3,1
B82N2,A,O,5011,17820,02:17,152,9,9,4,5,1
B8577,D,O,9692,31451,08:23,134,1,9,6,4,2
B85B2,M,E,6974,23688,02:14,161,2,10,7,8,1
B86Z8,K,O,8679,28503,02:27,142,7,10,3,3,1
B8784,G,E,6761,22474,16:35,173,3,10,9,8,2
B887B,F,E,7957,25228,15:39,134,2,6,8,5,2
B8N77,C,E,8236,26817,16:34,158,7,8,3,9,2
B8Z2B,O,E,7424,24470,19:36,156,3,7,4,10,1
B8Z8N,W,E,6129,21216,06:15,168,6,10,10,5,2
BBB25,B,O,6134,21293,01:54,115,3,6,9,6,1
BBB47,K,I,9465,30939,10:40,139,1,10,10,9,2
BBB5Z,U,O,9502,31428,14:33,173,3,9,4,7,2
BBZN7,W,I,7748,25957,12:19,101,8,10,4,6,1
BBZNN,A,U,8542,28296,19:43,148,6,7,3,4,1
BN065,L,I,6914,23012,14:54,147,7,6,8,3,1
BN262,A,I,8085,26017,20:39,154,1,8,8,6,2
BN452,A,I,8396,26256,20:37,105,7,8,9,4,1
BN454,T,U,6255,20341,04:27,165,6,8,3,10,2
BN657,R,E,8638,28397,09:52,119,6,6,10,10,1
BN724,M,E,5319,17002,07:21,112,4,9,8,8,1
BN88B,H,E,5190,16770,01:16,122,6,10,6,3,1
BNBN2,J,E,5807,19669,09:50,175,8,8,8,5,1
BNN77,G,I,8580,27287,11:23,162,9,10,10,5,2
BZ027,Y,B,8089,26327,20:30,176,8,9,4,7,1
BZ07B,T,B,8153,27157,03:39,179,8,4,5,4,2
BZ404,K,I,5238,17630,00:20,110,5,5,8,4,1
BZ54N,H,E,6559,22517,15:49,115,8,6,2,9,1
BZ5N4,U,O,7557,24210,18:41,115,2,4,3,5,1
BZ6N7,X,I,5428,18995,12:29,106,8,9,4,7,1
BZB7Z,I,O,5269,17437,15:49,110,6,7,7,7,1
BZN00,M,B,7847,24590,04:29,157,4,8,8,6,2
BZN84,B,I,6340,20929,00:15,116,1,6,5,5,1
BZNZ7,O,U,9973,31602,03:18,132,1,4,5,7,1
BZZ54,D,U,9051,28671,00:18,167,7,9,10,9,2
N0050,P,I,5129,17202,01:45,111,1,7,2,5,1
N0085,I,B,8023,26633,17:32,133,9,5,9,6,1
N0478,H,B,5758,19238,03:42,178,5,5,2,10,1
N0564,K,E,8357,26235,21:46,93,9,6,7,10,1
N0578,V,B,6861,22520,22:37,107,7,6,2,4,1
N066N,Z,U,9184,30021,00:22,100,2,10,5,6,2
N0674,Y,B,9195,29588,11:41,146,6,6,3,9,1
N0820,A,E,8062,25541,16:41,156,9,8,2,8,2
N0852,U,B,9591,30943,10:15,91,2,8,3,5,2
N0N50,X,E,6772,22586,21:55,137,2,7,7,10,2
N0N62,Q,B,6301,21355,13:27,166,6,8,6,10,1
N0NN4,C,O,8204,27063,16:46,179,8,4,8,9,1
N0Z0Z,O,I,6530,21180,18:13,165,10,6,2,6,2
N220N,T,E,5279,18549,21:33,124,7,6,3,9,1
N22Z7,S,I,5469,17845,21:54,97,2,9,8,5,2
N2506,U,O,6768,21786,20:57,170,5,4,2,7,1
N264Z,Y,U,9084,29131,08:46,180,7,9,2,8,2
N2670,Z,I,8837,28197,23:34,141,6,7,5,5,1
N28ZB,T,I,9546,31149,06:26,152,1,7,3,5,1
N2B5Z,Z,B,9256,30462,16:55,145,4,9,7,7,1
N2N7B,F,I,6856,22092,12:55,177,6,10,10,3,1
N2Z6N,N,U,8860,29081,01:21,108,7,5,2,9,2
N4066,Z,U,5580,19066,18:56,172,2,8,3,5,1
N40NB,X,I,7651,25651,22:34,160,3,7,10,4,2
N4462,D,I,9830,31374,21:34,167,6,9,7,7,1
N4620,E,B,7859,24639,20:18,167,1,5,8,4,2
N4678,W,E,8816,28443,00:58,124,1,6,4,5,2
N4877,K,E,7761,24957,12:26,91,8,7,6,10,2
N4N62,R,I,7617,24208,13:47,140,3,9,8,10,2
N4N7B,W,B,9084,28854,13:58,157,5,10,2,3,2
N4Z77,F,B,6700,22309,09:13,129,10,10,4,4,1
N500Z,Z,I,5228,17812,01:23,97,3,8,9,5,2
N5456,Z,O,5310,18402,04:17,161,10,8,7,10,2
N566N,Q,O,7653,24231,07:53,161,4,9,3,8,1
N5670,T,U,6012,19782,13:23,153,9,6,6,8,1
N570B,N,I,5210,18198,23:22,178,5,4,6,10,1
N5777,B,U,5000,16612,17:55,163,2,9,3,3,2
N582B,M,I,9272,29322,17:50,144,6,10,6,9,2
N5BNN,F,O,6092,20051,22:39,110,1,7,2,4,1
N5ZB6,M,B,8342,26244,00:19,163,10,10,3,10,2
N6074,R,B,8414,27565,13:44,99,2,9,8,4,2
N628Z,H,U,9624,31254,09:38,143,10,8,7,10,2
N62Z8,L,B,6112,20823,03:26,148,10,6,3,9,1
N64Z2,Q,U,7146,23781,07:20,161,1,9,4,10,2
N6552,N,O,8248,27387,04:49,121,2,6,3,10,1
N675N,W,U,9994,31369,07:43,178,10,9,3,4,1
N6768,W,I,7950,25862,00:38,118,9,6,8,6,2
N6B0Z,U,I,7390,23265,19:30,174,8,7,8,8,1
N705B,K,I,8673,28782,06:46,165,5,5,9,5,1
N7455,Y,O,6637,21885,18:14,175,2,6,3,10,2
N7808,D,E,5348,18383,01:32,167,3,9,5,8,1
N7848,F,I,6822,22430,12:15,123,4,9,8,9,1
N7Z27,T,O,5234,17172,12:31,121,8,9,8,9,2
N80NN,Y,I,6475,21496,13:28,90,3,7,6,4,2
N820B,T,U,6706,23108,11:31,136,1,7,2,4,2
N85N0,W,U,6754,23051,04:37,162,7,5,8,5,1
N8606,D,O,8512,27796,07:15,170,9,6,5,10,2
N8847,Z,I,5748,19582,10:42,170,4,8,2,4,2
N8N7B,W,U,6471,22010,11:20,145,4,10,9,7,1
N8NN0,A,U,5740,18344,01:50,136,10,7,7,6,1
NB0ZZ,L,E,5088,18094,05:51,118,1,8,8,4,1
NB447,M,E,6173,20869,03:15,137,9,8,7,4,2
NB644,U,I,9394,29363,05:30,97,2,4,10,5,1
NB672,Q,U,6797,22669,00:17,167,6,9,10,9,1
NB6Z5,R,E,8485,28165,15:39,167,5,10,9,7,1
NB7Z4,L,O,9979,32067,15:23,171,7,9,6,5,1
NB8B6,Z,I,7067,23153,21:32,139,4,7,6,7,1
NBB27,A,O,6271,21542,23:13,145,2,4,10,5,1
NBBZ7,Q,O,8825,27678,10:55,100,9,8,6,7,2
NBN4N,B,I,9443,30835,15:12,141,2,7,4,3,2
NBNNN,G,E,7518,25294,18:34,112,6,5,3,5,1
NBZ68,Q,B,7715,25999,18:18,159,1,10,4,6,1
NBZB8,D,U,5089,16809,22:14,152,3,4,9,4,1
NN0N5,M,I,8366,27690,02:20,108,1,10,9,4,2
NN0N7,W,E,9077,29031,00:35,158,10,10,8,9,2
NN7Z2,T,O,9873,32489,06:11,151,5,10,8,10,1
NN854,W,E,8019,25192,05:37,163,7,6,3,8,2
NNB4N,E,O,8048,26531,04:42,106,10,7,6,3,2
NNBZZ,C,I,5263,18434,04:35,173,2,6,7,7,1
NNN42,T,U,9835,31259,20:29,161,5,10,4,10,2
NNZ25,Z,U,5841,19718,08:25,177,8,9,9,9,1
NZ62N,U,E,5550,19599,01:35,163,2,10,4,6,1
NZ676,G,E,6729,22013,08:31,109,1,10,5,10,1
NZ745,M,U,5769,19811,15:21,121,1,7,7,6,2
NZB44,F,U,9035,28721,14:27,134,8,7,9,4,2
NZB4B,V,O,9066,29087,06:33,144,4,6,8,5,2
NZB52,J,U,9553,30788,09:58,152,2,6,10,10,2
NZBB7,K,I,9188,30136,02:46,102,9,9,8,8,2
NZNZZ,X,E,7605,24796,10:50,137,1,8,4,4,2
Z0044,H,E,5924,19835,23:21,131,2,10,9,8,2
Z0285,B,U,7535,24114,03:18,98,9,6,2,6,1
Z042N,Z,E,6340,20591,07:53,114,9,5,4,7,2
Z046N,K,O,9781,32171,12:48,98,7,6,6,9,2
Z047Z,P,O,5475,18621,08:33,98,10,6,10,7,1
Z0566,K,O,5603,18114,03:24,180,8,10,2,3,1
Z05ZB,O,U,6670,21398,13:18,108,1,6,9,10,1
Z0677,V,U,8262,27690,19:18,129,6,7,7,8,1
Z0784,P,U,9775,31301,16:26,168,7,7,8,3,2
Z0BZN,Q,B,5976,19646,01:13,90,9,5,7,8,1
Z0Z0Z,S,B,9105,30088,15:46,164,1,7,9,5,1
Z0Z44,F,U,5650,18985,14:52,174,8,7,8,6,2
Z2465,F,B,5767,19936,09:11,168,5,6,2,5,2
Z2582,Z,B,8457,27772,04:38,158,8,4,3,4,2
Z25N5,E,U,7674,24147,02:38,105,1,8,8,7,2
Z2662,T,U,6206,20068,05:37,147,4,8,4,10,1
Z2782,M,O,9220,29072,08:43,160,7,6,2,7,1
Z28BB,U,I,6635,20971,07:57,139,6,7,2,8,1
Z2B66,O,B,6986,23700,08:20,164,2,4,8,6,1
Z2N8B,A,B,7005,22933,21:34,132,7,9,8,3,2
Z2NB5,Z,U,7663,25474,22:45,156,2,10,5,9,1
Z2NN5,C,O,7289,23386,06:41,115,9,4,4,3,1
Z40N7,H,U,5558,17765,19:16,124,7,7,10,4,2
Z45BB,C,O,5180,17447,11:57,109,3,8,10,5,1
Z4688,J,E,6107,20181,21:26,147,3,8,5,9,1
Z468Z,I,B,7452,24541,03:49,142,3,9,4,7,1
Z48Z8,W,U,9514,31367,09:24,125,5,10,4,8,1
Z4N5N,P,I,7158,22597,08:54,144,10,7,6,6,1
Z4NZ8,K,U,7423,23876,01:14,118,7,9,3,6,2
Z4Z02,X,I,9507,29863,10:46,161,6,8,7,3,2
Z4Z45,E,O,9490,29654,10:51,129,8,9,6,6,1
Z4Z8N,L,E,8941,29049,16:28,116,9,8,6,6,2
Z5250,T,E,8206,25947,11:31,146,3,5,10,7,2
Z525Z,W,U,5520,18137,07:13,135,3,7,7,6,2
Z540B,A,U,6024,20282,23:19,124,6,9,8,6,2
Z5B20,U,O,5222,17003,22:34,150,1,7,8,6,1
Z5B50,L,E,5420,18494,21:55,98,2,8,9,9,2
Z60BB,V,I,6922,22447,21:36,125,1,10,9,10,2
Z60ZN,T,U,8062,26935,23:21,155,8,7,7,4,2
Z6586,O,E,7568,24699,11:47,96,7,8,8,6,1
Z65N2,R,O,5235,17096,01:52,140,7,8,6,5,1
Z6688,R,B,5877,18855,10:49,140,4,7,4,5,1
Z6776,J,O,6674,22646,12:46,120,3,9,3,10,2
Z682Z,W,I,9579,30398,07:31,106,2,10,3,9,2
Z6860,F,O,7553,25435,23:54,125,8,7,8,5,2
Z68N5,U,O,8939,28115,03:59,99,6,6,8,10,1
Z68N6,X,O,5635,19448,04:45,124,4,5,8,8,1
Z6B27,O,U,6809,22970,09:51,97,2,9,2,3,1
Z6B2B,P,U,7786,24950,04:24,170,6,9,8,7,2
Z6NB4,D,E,8829,29088,19:28,179,1,6,3,3,1
Z6Z06,R,E,6310,21251,17:41,165,4,4,3,6,1
Z7005,A,I,9621,30442,16:53,175,8,7,5,4,2
Z7086,H,I,6055,21161,03:10,106,7,6,7,6,1
Z72N6,U,O,9004,29920,13:21,102,6,6,5,9,1
Z7440,C,U,8217,27462,22:20,101,1,9,8,5,1
Z78BN,N,B,5916,19465,23:59,139,7,6,2,5,2
Z7N78,C,B,8346,26886,03:45,163,5,5,5,5,2
Z8045,A,E,8355,27331,20:42,119,3,4,9,5,1
Z8480,Q,B,6342,20624,13:14,100,6,9,8,8,2
Z8648,G,B,5086,17568,07:58,130,10,8,4,3,2
Z87B6,L,B,6795,22788,22:29,96,9,4,9,7,1
Z8826,G,U,8737,27985,03:30,106,9,9,5,6,2
Z88ZN,J,U,8785,29273,07:53,174,9,9,10,3,1
Z8N5Z,F,U,6263,21171,12:55,170,7,6,2,6,1
Z8Z65,Y,O,6610,21760,14:46,132,8,10,7,7,1
ZB065,P,B,9407,30915,15:21,135,7,6,7,9,2
ZB275,Z,O,9303,30467,13:55,137,5,6,7,10,2
ZB2BN,V,I,7649,25775,18:47,93,10,10,7,8,1
ZB47B,I,O,9395,30407,22:21,95,5,7,6,5,1
ZB545,A,E,6240,21539,01:19,124,6,4,3,9,2
ZB60B,P,I,9276,30375,01:18,93,9,6,3,5,2
ZB724,Q,E,7436,24468,03:50,142,9,10,3,10,1
ZB7N0,D,E,9142,29047,00:45,120,5,5,9,7,2
ZBN82,T,E,6182,21058,16:44,156,3,9,5,8,1
ZBZ47,X,U,8099,26640,05:42,90,9,9,6,7,1
ZN0BB,U,B,5025,16422,04:29,143,1,8,6,9,2
ZN202,Q,U,9238,29490,19:29,175,6,8,9,9,1
ZN6N4,C,U,9120,29010,02:44,93,7,10,6,9,1
ZN708,H,U,7209,24536,17:46,108,8,5,7,6,1
ZN744,V,U,5140,17901,22:58,111,4,7,4,9,1
ZN775,M,E,7909,25397,15:58,130,5,9,8,3,2
ZN7Z0,S,E,8308,27726,04:28,158,10,7,5,4,1
ZN850,D,I,5863,19167,21:20,123,1,9,3,4,2
ZNB8Z,V,I,5930,19345,08:31,130,8,6,3,6,1
ZNZZ4,F,I,8786,29007,11:39,112,6,10,6,10,2
ZZ540,N,B,7929,25217,06:34,137,3,7,7,3,2
ZZ6N2,A,B,6141,21388,17:36,104,1,10,10,10,1
ZZB08,V,O,8172,25963,00:54,127,1,5,8,9,1
ZZZ84,D,O,9218,29781,19:45,106,7,5,2,4,2
